{
    "iterations": 915,
    "depth": 5,
    "learning_rate": 0.05434737969391604,
    "l2_leaf_reg": 7.884142359295169,
    "random_strength": 0.01598980659066155,
    "bagging_temperature": 0.17948324986399997
}